-- Insert 5 records into Books table
insert into Books (book_id, title, price) values (1, 'Support', 443);
insert into Books (book_id, title, price) values (2, 'Business Development', 462);
insert into Books (book_id, title, price) values (3, 'Human Resources', 413);
insert into Books (book_id, title, price) values (4, 'Research and Development', 492);
insert into Books (book_id, title, price) values (5, 'Business Development', 349);

-- Insert 5 records into Booksellers table
insert into Booksellers (bookseller_id, first_name, last_name, contact_info) values (1, 'Valeria', 'Barnaby', '6538920322');
insert into Booksellers (bookseller_id, first_name, last_name, contact_info) values (2, 'Bernadene', 'Hazelton', '7608467797');
insert into Booksellers (bookseller_id, first_name, last_name, contact_info) values (3, 'Lorne', 'Gimeno', '8888654410');
insert into Booksellers (bookseller_id, first_name, last_name, contact_info) values (4, 'Timmie', 'Folk', '9354756832');
insert into Booksellers (bookseller_id, first_name, last_name, contact_info) values (5, 'Lyndsay', 'Matyukon', '5138066404');

-- Insert 20 records into Students table
insert into Students (student_id, first_name, last_name, student_number, year_level) values (1, 'Kerby', 'Vassel', '519-25-3296', 1);
insert into Students (student_id, first_name, last_name, student_number, year_level) values (2, 'Prescott', 'Iseton', '155-15-4737', 4);
insert into Students (student_id, first_name, last_name, student_number, year_level) values (3, 'Evaleen', 'Sans', '151-51-6913', 2);
insert into Students (student_id, first_name, last_name, student_number, year_level) values (4, 'Adi', 'Windus', '541-96-4470', 2);
insert into Students (student_id, first_name, last_name, student_number, year_level) values (5, 'Zarah', 'Causer', '381-26-4255', 4);
insert into Students (student_id, first_name, last_name, student_number, year_level) values (6, 'Carlen', 'Radenhurst', '128-16-4464', 4);
insert into Students (student_id, first_name, last_name, student_number, year_level) values (7, 'Booth', 'Hannis', '367-77-8444', 2);
insert into Students (student_id, first_name, last_name, student_number, year_level) values (8, 'Rose', 'Rulten', '609-14-3102', 3);
insert into Students (student_id, first_name, last_name, student_number, year_level) values (9, 'Kean', 'Amori', '235-67-1686', 2);
insert into Students (student_id, first_name, last_name, student_number, year_level) values (10, 'Karmen', 'Danilevich', '758-61-4620', 1);
insert into Students (student_id, first_name, last_name, student_number, year_level) values (11, 'Hildagard', 'Culvey', '150-34-8493', 3);
insert into Students (student_id, first_name, last_name, student_number, year_level) values (12, 'Wilburt', 'Cowdroy', '221-18-6722', 1);
insert into Students (student_id, first_name, last_name, student_number, year_level) values (13, 'Simonne', 'Millyard', '281-57-8039', 2);
insert into Students (student_id, first_name, last_name, student_number, year_level) values (14, 'Clifford', 'Hogbourne', '526-71-1545', 3);
insert into Students (student_id, first_name, last_name, student_number, year_level) values (15, 'Dusty', 'Ruprecht', '196-63-4990', 2);
insert into Students (student_id, first_name, last_name, student_number, year_level) values (16, 'Frederico', 'Girardengo', '154-09-2265', 4);
insert into Students (student_id, first_name, last_name, student_number, year_level) values (17, 'Alistair', 'Gawn', '419-48-4790', 2);
insert into Students (student_id, first_name, last_name, student_number, year_level) values (18, 'Jeffrey', 'MacIan', '549-24-2888', 2);
insert into Students (student_id, first_name, last_name, student_number, year_level) values (19, 'Nathalie', 'Portinari', '305-34-8261', 1);
insert into Students (student_id, first_name, last_name, student_number, year_level) values (20, 'Ignacius', 'Fletham', '739-53-3467', 4);

-- Insert 50 records into Receipts table
insert into Receipts (receipt_id, sales_id, receipt_added) values (1, 1, '8/30/2023');
insert into Receipts (receipt_id, sales_id, receipt_added) values (2, 2, '3/8/2023');
insert into Receipts (receipt_id, sales_id, receipt_added) values (3, 3, '12/4/2024');
insert into Receipts (receipt_id, sales_id, receipt_added) values (4, 4, '12/27/2023');
insert into Receipts (receipt_id, sales_id, receipt_added) values (5, 5, '8/14/2023');
insert into Receipts (receipt_id, sales_id, receipt_added) values (6, 6, '2/13/2023');
insert into Receipts (receipt_id, sales_id, receipt_added) values (7, 7, '6/3/2023');
insert into Receipts (receipt_id, sales_id, receipt_added) values (8, 8, '7/18/2024');
insert into Receipts (receipt_id, sales_id, receipt_added) values (9, 9, '7/4/2023');
insert into Receipts (receipt_id, sales_id, receipt_added) values (10, 10, '4/7/2024');
insert into Receipts (receipt_id, sales_id, receipt_added) values (11, 11, '8/14/2023');
insert into Receipts (receipt_id, sales_id, receipt_added) values (12, 12, '7/7/2024');
insert into Receipts (receipt_id, sales_id, receipt_added) values (13, 13, '8/6/2024');
insert into Receipts (receipt_id, sales_id, receipt_added) values (14, 14, '5/18/2023');
insert into Receipts (receipt_id, sales_id, receipt_added) values (15, 15, '9/11/2024');
insert into Receipts (receipt_id, sales_id, receipt_added) values (16, 16, '12/10/2024');
insert into Receipts (receipt_id, sales_id, receipt_added) values (17, 17, '7/21/2024');
insert into Receipts (receipt_id, sales_id, receipt_added) values (18, 18, '3/10/2024');
insert into Receipts (receipt_id, sales_id, receipt_added) values (19, 19, '5/31/2024');
insert into Receipts (receipt_id, sales_id, receipt_added) values (20, 20, '1/9/2024');
insert into Receipts (receipt_id, sales_id, receipt_added) values (21, 21, '12/16/2024');
insert into Receipts (receipt_id, sales_id, receipt_added) values (22, 22, '7/22/2024');
insert into Receipts (receipt_id, sales_id, receipt_added) values (23, 23, '7/1/2024');
insert into Receipts (receipt_id, sales_id, receipt_added) values (24, 24, '1/29/2023');
insert into Receipts (receipt_id, sales_id, receipt_added) values (25, 25, '1/30/2024');
insert into Receipts (receipt_id, sales_id, receipt_added) values (26, 26, '1/28/2023');
insert into Receipts (receipt_id, sales_id, receipt_added) values (27, 27, '11/21/2024');
insert into Receipts (receipt_id, sales_id, receipt_added) values (28, 28, '5/17/2024');
insert into Receipts (receipt_id, sales_id, receipt_added) values (29, 29, '5/1/2023');
insert into Receipts (receipt_id, sales_id, receipt_added) values (30, 30, '4/21/2023');
insert into Receipts (receipt_id, sales_id, receipt_added) values (31, 31, '9/12/2023');
insert into Receipts (receipt_id, sales_id, receipt_added) values (32, 32, '7/18/2023');
insert into Receipts (receipt_id, sales_id, receipt_added) values (33, 33, '8/29/2024');
insert into Receipts (receipt_id, sales_id, receipt_added) values (34, 34, '3/25/2023');
insert into Receipts (receipt_id, sales_id, receipt_added) values (35, 35, '8/3/2024');
insert into Receipts (receipt_id, sales_id, receipt_added) values (36, 36, '1/16/2024');
insert into Receipts (receipt_id, sales_id, receipt_added) values (37, 37, '1/2/2023');
insert into Receipts (receipt_id, sales_id, receipt_added) values (38, 38, '10/3/2023');
insert into Receipts (receipt_id, sales_id, receipt_added) values (39, 39, '7/18/2024');
insert into Receipts (receipt_id, sales_id, receipt_added) values (40, 40, '5/31/2023');
insert into Receipts (receipt_id, sales_id, receipt_added) values (41, 41, '11/20/2023');
insert into Receipts (receipt_id, sales_id, receipt_added) values (42, 42, '4/15/2024');
insert into Receipts (receipt_id, sales_id, receipt_added) values (43, 43, '10/17/2023');
insert into Receipts (receipt_id, sales_id, receipt_added) values (44, 44, '11/24/2023');
insert into Receipts (receipt_id, sales_id, receipt_added) values (45, 45, '8/12/2023');
insert into Receipts (receipt_id, sales_id, receipt_added) values (46, 46, '6/25/2023');
insert into Receipts (receipt_id, sales_id, receipt_added) values (47, 47, '12/4/2024');
insert into Receipts (receipt_id, sales_id, receipt_added) values (48, 48, '4/23/2024');
insert into Receipts (receipt_id, sales_id, receipt_added) values (49, 49, '5/29/2024');
insert into Receipts (receipt_id, sales_id, receipt_added) values (50, 50, '11/16/2024');

-- Insert 50 records into Sales table
insert into Sales (sales_id, book_id, student_id, bookseller_id, sales_added) values (1, 5, 1, 3, '2023-12-16');
insert into Sales (sales_id, book_id, student_id, bookseller_id, sales_added) values (2, 1, 10, 4, '2023-09-14');
insert into Sales (sales_id, book_id, student_id, bookseller_id, sales_added) values (3, 1, 12, 5, '2023-12-26');
insert into Sales (sales_id, book_id, student_id, bookseller_id, sales_added) values (4, 5, 8, 2, '2024-11-21');
insert into Sales (sales_id, book_id, student_id, bookseller_id, sales_added) values (5, 5, 14, 3, '2024-06-03');
insert into Sales (sales_id, book_id, student_id, bookseller_id, sales_added) values (6, 3, 7, 4, '2024-12-28');
insert into Sales (sales_id, book_id, student_id, bookseller_id, sales_added) values (7, 2, 3, 2, '2024-06-07');
insert into Sales (sales_id, book_id, student_id, bookseller_id, sales_added) values (8, 2, 20, 2, '2023-05-21');
insert into Sales (sales_id, book_id, student_id, bookseller_id, sales_added) values (9, 4, 18, 5, '2023-12-27');
insert into Sales (sales_id, book_id, student_id, bookseller_id, sales_added) values (10, 4, 6, 4, '2024-06-30');
insert into Sales (sales_id, book_id, student_id, bookseller_id, sales_added) values (11, 3, 18, 4, '2023-10-10');
insert into Sales (sales_id, book_id, student_id, bookseller_id, sales_added) values (12, 1, 17, 2, '2023-12-20');
insert into Sales (sales_id, book_id, student_id, bookseller_id, sales_added) values (13, 1, 17, 1, '2023-07-02');
insert into Sales (sales_id, book_id, student_id, bookseller_id, sales_added) values (14, 1, 18, 3, '2023-04-11');
insert into Sales (sales_id, book_id, student_id, bookseller_id, sales_added) values (15, 2, 1, 5, '2023-06-16');
insert into Sales (sales_id, book_id, student_id, bookseller_id, sales_added) values (16, 1, 18, 4, '2023-08-09');
insert into Sales (sales_id, book_id, student_id, bookseller_id, sales_added) values (17, 4, 17, 4, '2024-06-11');
insert into Sales (sales_id, book_id, student_id, bookseller_id, sales_added) values (18, 3, 19, 4, '2023-08-10');
insert into Sales (sales_id, book_id, student_id, bookseller_id, sales_added) values (19, 1, 6, 3, '2023-02-13');
insert into Sales (sales_id, book_id, student_id, bookseller_id, sales_added) values (20, 4, 10, 3, '2023-11-22');
insert into Sales (sales_id, book_id, student_id, bookseller_id, sales_added) values (21, 3, 6, 1, '2024-12-23');
insert into Sales (sales_id, book_id, student_id, bookseller_id, sales_added) values (22, 5, 7, 4, '2024-02-15');
insert into Sales (sales_id, book_id, student_id, bookseller_id, sales_added) values (23, 3, 11, 2, '2024-05-25');
insert into Sales (sales_id, book_id, student_id, bookseller_id, sales_added) values (24, 3, 18, 2, '2023-01-26');
insert into Sales (sales_id, book_id, student_id, bookseller_id, sales_added) values (25, 5, 8, 5, '2024-07-08');
insert into Sales (sales_id, book_id, student_id, bookseller_id, sales_added) values (26, 2, 3, 5, '2024-09-09');
insert into Sales (sales_id, book_id, student_id, bookseller_id, sales_added) values (27, 5, 1, 5, '2024-02-11');
insert into Sales (sales_id, book_id, student_id, bookseller_id, sales_added) values (28, 5, 20, 3, '2023-08-19');
insert into Sales (sales_id, book_id, student_id, bookseller_id, sales_added) values (29, 3, 5, 2, '2023-08-26');
insert into Sales (sales_id, book_id, student_id, bookseller_id, sales_added) values (30, 1, 18, 4, '2023-04-15');
insert into Sales (sales_id, book_id, student_id, bookseller_id, sales_added) values (31, 4, 6, 2, '2023-06-23');
insert into Sales (sales_id, book_id, student_id, bookseller_id, sales_added) values (32, 4, 7, 1, '2023-07-02');
insert into Sales (sales_id, book_id, student_id, bookseller_id, sales_added) values (33, 1, 8, 5, '2023-10-28');
insert into Sales (sales_id, book_id, student_id, bookseller_id, sales_added) values (34, 2, 3, 5, '2024-04-16');
insert into Sales (sales_id, book_id, student_id, bookseller_id, sales_added) values (35, 4, 5, 5, '2024-06-02');
insert into Sales (sales_id, book_id, student_id, bookseller_id, sales_added) values (36, 2, 16, 1, '2024-09-12');
insert into Sales (sales_id, book_id, student_id, bookseller_id, sales_added) values (37, 5, 1, 4, '2023-03-13');
insert into Sales (sales_id, book_id, student_id, bookseller_id, sales_added) values (38, 3, 6, 1, '2023-05-18');
insert into Sales (sales_id, book_id, student_id, bookseller_id, sales_added) values (39, 4, 17, 3, '2024-07-28');
insert into Sales (sales_id, book_id, student_id, bookseller_id, sales_added) values (40, 3, 17, 2, '2024-06-26');
insert into Sales (sales_id, book_id, student_id, bookseller_id, sales_added) values (41, 2, 4, 5, '2024-09-15');
insert into Sales (sales_id, book_id, student_id, bookseller_id, sales_added) values (42, 5, 2, 3, '2024-10-04');
insert into Sales (sales_id, book_id, student_id, bookseller_id, sales_added) values (43, 1, 5, 5, '2024-02-17');
insert into Sales (sales_id, book_id, student_id, bookseller_id, sales_added) values (44, 1, 19, 3, '2024-11-14');
insert into Sales (sales_id, book_id, student_id, bookseller_id, sales_added) values (45, 4, 12, 1, '2024-07-18');
insert into Sales (sales_id, book_id, student_id, bookseller_id, sales_added) values (46, 1, 11, 5, '2024-09-24');
insert into Sales (sales_id, book_id, student_id, bookseller_id, sales_added) values (47, 5, 2, 5, '2024-06-02');
insert into Sales (sales_id, book_id, student_id, bookseller_id, sales_added) values (48, 5, 18, 5, '2024-10-24');
insert into Sales (sales_id, book_id, student_id, bookseller_id, sales_added) values (49, 1, 19, 2, '2024-02-04');
insert into Sales (sales_id, book_id, student_id, bookseller_id, sales_added) values (50, 5, 4, 1, '2023-05-08');

-- Insert 30 records into Inventory table
insert into Inventory (inventory_id, book_id, stock_level, inventory_added) values (1, 3, 10, '8/31/2008');
insert into Inventory (inventory_id, book_id, stock_level, inventory_added) values (2, 4, 10, '3/11/2010');
insert into Inventory (inventory_id, book_id, stock_level, inventory_added) values (3, 5, 9, '6/6/2000');
insert into Inventory (inventory_id, book_id, stock_level, inventory_added) values (4, 5, 4, '1/2/2018');
insert into Inventory (inventory_id, book_id, stock_level, inventory_added) values (5, 4, 2, '10/13/2021');
insert into Inventory (inventory_id, book_id, stock_level, inventory_added) values (6, 3, 10, '6/4/2016');
insert into Inventory (inventory_id, book_id, stock_level, inventory_added) values (7, 2, 9, '10/8/2001');
insert into Inventory (inventory_id, book_id, stock_level, inventory_added) values (8, 1, 3, '8/20/2006');
insert into Inventory (inventory_id, book_id, stock_level, inventory_added) values (9, 3, 1, '11/24/2006');
insert into Inventory (inventory_id, book_id, stock_level, inventory_added) values (10, 1, 8, '10/13/2020');
insert into Inventory (inventory_id, book_id, stock_level, inventory_added) values (11, 2, 9, '9/8/2015');
insert into Inventory (inventory_id, book_id, stock_level, inventory_added) values (12, 3, 9, '3/2/2004');
insert into Inventory (inventory_id, book_id, stock_level, inventory_added) values (13, 3, 1, '7/11/2010');
insert into Inventory (inventory_id, book_id, stock_level, inventory_added) values (14, 2, 8, '4/24/2021');
insert into Inventory (inventory_id, book_id, stock_level, inventory_added) values (15, 5, 9, '2/22/2004');
insert into Inventory (inventory_id, book_id, stock_level, inventory_added) values (16, 3, 8, '3/2/2016');
insert into Inventory (inventory_id, book_id, stock_level, inventory_added) values (17, 5, 7, '4/26/2002');
insert into Inventory (inventory_id, book_id, stock_level, inventory_added) values (18, 1, 7, '7/7/2020');
insert into Inventory (inventory_id, book_id, stock_level, inventory_added) values (19, 5, 9, '5/16/2020');
insert into Inventory (inventory_id, book_id, stock_level, inventory_added) values (20, 4, 3, '4/21/2016');
insert into Inventory (inventory_id, book_id, stock_level, inventory_added) values (21, 1, 10, '2/17/2012');
insert into Inventory (inventory_id, book_id, stock_level, inventory_added) values (22, 1, 2, '2/20/2022');
insert into Inventory (inventory_id, book_id, stock_level, inventory_added) values (23, 5, 10, '5/13/2014');
insert into Inventory (inventory_id, book_id, stock_level, inventory_added) values (24, 3, 3, '3/27/2009');
insert into Inventory (inventory_id, book_id, stock_level, inventory_added) values (25, 2, 5, '12/25/2010');
insert into Inventory (inventory_id, book_id, stock_level, inventory_added) values (26, 5, 3, '12/4/2004');
insert into Inventory (inventory_id, book_id, stock_level, inventory_added) values (27, 4, 2, '8/23/2021');
insert into Inventory (inventory_id, book_id, stock_level, inventory_added) values (28, 5, 2, '12/3/2008');
insert into Inventory (inventory_id, book_id, stock_level, inventory_added) values (29, 3, 8, '9/15/2012');
insert into Inventory (inventory_id, book_id, stock_level, inventory_added) values (30, 5, 2, '4/3/2012');